{"cameraMode":{"drawMode":0,"name":"Shaded","section":"Shading Mode"},"sceneLighting":true,"audioPlay":false,"sceneViewState":{"m_AlwaysRefresh":false,"showFog":true,"showSkybox":true,"showFlares":true,"showImageEffects":true,"showParticleSystems":true,"showVisualEffectGraphs":true,"m_FxEnabled":true},"in2DMode":false,"pivot":{"x":0.5689461827278137,"y":1.4450263977050782,"z":-0.8162113428115845},"rotation":{"x":0.015897972509264947,"y":0.9826402068138123,"z":-0.10088660567998886,"w":0.15485163033008576},"size":1.560186505317688,"orthographic":false}